qind,t1,t2,t3,t4,CF12_34,CF13_24,CF14_23,ngenes
1,S1,S2,S3,S4,0.08333333333333329,0.8541666666666667,0.06249999999999997,16.000000000000007
2,S1,S2,S3,S5,0.08333333333333329,0.8541666666666667,0.06249999999999997,16.000000000000007
3,S1,S2,S4,S5,0.875,0.06249999999999997,0.06249999999999997,16.000000000000007
4,S1,S3,S4,S5,1.0,0.0,0.0,16.00000000000001
5,S2,S3,S4,S5,0.875,0.0625,0.0625,16.0
